model,auc,ks,brier,ece
logistic_regression,0.7128945727209514,0.37642563745976665,0.14597436940205183,0.049253335055477084
xgboost,0.7743730062581093,0.426734241822522,0.13576099276542664,0.020953478497763477
mlp,0.7662979662936652,0.4090982731059004,0.13685710878292842,0.027355109206874128
