model,bootstraps,mean_pairwise_spearman,median_pairwise_spearman,mean_feature_rank_stddev
logistic_regression,50,0.6785273058320208,0.6902025177887248,4.0662167029691165
xgboost,50,0.877199825743105,0.8817733990147782,2.533329088127057
mlp,50,0.7986930732884286,0.8051450465243569,3.266887224995801
