provider,model,n_profiles_scored,accuracy,deny_rate,auc,mean_confidence
claude,claude-opus-4-7,531,0.5875706214689266,0.5291902071563088,0.5797298831006696,0.8342811839323467
openai,gpt-4o,531,0.5725047080979284,0.7401129943502824,0.579226251276813,0.8628531073446327
openai,gpt-5.4,531,0.5668549905838042,0.655367231638418,0.5747503